PLAYER,POS,CAP HIT
"Connor McDavid
 EDM",C,"$12,500,000"
"Artemi Panarin
 NYR",LW,"$11,642,857"
"Auston Matthews
 TOR",C,"$11,640,250"
"Erik Karlsson
 SJS",D,"$11,500,000"
"John Tavares
 TOR",C,"$11,000,000"
"Drew Doughty
 LAK",D,"$11,000,000"
"Mitchell Marner
 TOR",RW,"$10,903,000"
"Carey Price
 MTL",G,"$10,500,000"
"Patrick Kane
 CHI",RW,"$10,500,000"
"Jonathan Toews
 CHI",C,"$10,500,000"
"Jack Eichel
 VGK",C,"$10,000,000"
"Sergei Bobrovsky
 FLA",G,"$10,000,000"
"Anze Kopitar
 LAK",C,"$10,000,000"
"Tyler Seguin
 DAL",C,"$9,850,000"
"Mark Stone
 VGK",RW,"$9,500,000"
"Alex Ovechkin
 WAS",LW,"$9,500,000"
"Andrei Vasilevskiy
 TBL",G,"$9,500,000"
"Nikita Kucherov
 TBL",RW,"$9,500,000"
"Evgeni Malkin
 PIT",C,"$9,500,000"
"Jamie Benn
 DAL",LW,"$9,500,000"
"Mikko Rantanen
 COL",RW,"$9,250,000"
"Nicklas Backstrom
 WAS",C,"$9,200,000"
"Roman Josi
 NSH",D,"$9,059,000"
"Jeff Skinner
 BUF",LW,"$9,000,000"
"Cale Makar
 COL",D,"$9,000,000"
"P.K. Subban
 NJD",D,"$9,000,000"
"Dougie Hamilton
 NJD",D,"$9,000,000"
"Kirill Kaprizov
 MIN",LW,"$9,000,000"
"Alex Pietrangelo
 VGK",D,"$8,800,000"
"Sidney Crosby
 PIT",C,"$8,700,000"
"Leon Draisaitl
 EDM",C,"$8,500,000"
"Steven Stamkos
 TBL",C,"$8,500,000"
"Sebastian Aho
 CAR",LW,"$8,460,250"
"Miro Heiskanen
 DAL",D,"$8,450,000"
"Claude Giroux
 FLA",C,"$8,275,000"
"Jakub Voracek
 CBJ",RW,"$8,250,063"
"Blake Wheeler
 WPG",RW,"$8,250,000"
"Oliver Ekman-Larsson
 VAN",D,"$8,250,000"
"Brady Tkachuk
 OTT",LW,"$8,208,571"
"Thomas Chabot
 OTT",D,"$8,000,000"
"John Carlson
 WAS",D,"$8,000,000"
"Matt Duchene
 NSH",C,"$8,000,000"
"Ryan Johansen
 NSH",C,"$8,000,000"
"Brent Burns
 SJS",D,"$8,000,000"
"Logan Couture
 SJS",C,"$8,000,000"
"Jacob Trouba
 NYR",D,"$8,000,000"
"Victor Hedman
 TBL",D,"$7,875,000"
"Shea Weber
 MTL",D,"$7,857,143"
"Quinn Hughes
 VAN",D,"$7,850,000"
"Evgeny Kuznetsov
 WAS",C,"$7,800,000"
"Andrei Svechnikov
 CAR",RW,"$7,750,000"
"Jared Spurgeon
 MIN",D,"$7,575,000"
"Ryan O'Reilly
 STL",C,"$7,500,000"
"Vladimir Tarasenko
 STL",RW,"$7,500,000"
"Aaron Ekblad
 FLA",D,"$7,500,000"
"Patrik Laine
 CBJ",RW,"$7,500,000"
"Elias Pettersson
 VAN",C,"$7,350,000"
"Nico Hischier
 NJD",C,"$7,250,000"
"Kris Letang
 PIT",D,"$7,250,000"
"Clayton Keller
 ARI",C,"$7,150,000"
"Kevin Hayes
 PHI",C,"$7,142,857"
"Kyle Connor
 WPG",LW,"$7,142,857"
"Max Pacioretty
 VGK",LW,"$7,000,000"
"James Van Riemsdyk
 PHI",LW,"$7,000,000"
"Gabriel Landeskog
 COL",LW,"$7,000,000"
"Anders Lee
 NYI",C,"$7,000,000"
"Mathew Barzal
 NYI",C,"$7,000,000"
"Marc-Edouard Vlasic
 SJS",D,"$7,000,000"
"Matthew Tkachuk
 CGY",LW,"$7,000,000"
"Joe Pavelski
 DAL",C,"$7,000,000"
"Marc-Andre Fleury
 MIN",G,"$7,000,000"
"William Nylander
 TOR",C,"$6,962,366"
"Brent Seabrook
 TBL",D,"$6,875,000"
"Patrice Bergeron
 BOS",C,"$6,875,000"
"Ryan Kesler
 ARI",C,"$6,875,000"
"Philip Kessel
 ARI",RW,"$6,800,000"
"Ivan Provorov
 PHI",D,"$6,750,000"
"Brayden Point
 TBL",C,"$6,750,000"
"Ryan McDonagh
 TBL",D,"$6,750,000"
"Mark Giordano
 TOR",D,"$6,750,000"
"Johnny Gaudreau
 CGY",LW,"$6,750,000"
"David Pastrnak
 BOS",RW,"$6,666,666"
"Brendan Gallagher
 MTL",RW,"$6,500,000"
"Justin Faulk
 STL",D,"$6,500,000"
"Brayden Schenn
 STL",C,"$6,500,000"
"Torey Krug
 STL",D,"$6,500,000"
"Sam Reinhart
 FLA",C,"$6,500,000"
"Cam Fowler
 ANA",D,"$6,500,000"
"Chris Kreider
 NYR",LW,"$6,500,000"
"Alexander Debrincat
 CHI",RW,"$6,400,000"
"John Gibson
 ANA",G,"$6,400,000"
"Sean Monahan
 CGY",C,"$6,375,000"
"Nathan MacKinnon
 COL",C,"$6,300,000"
"Jeff Petry
 MTL",D,"$6,250,000"
"Matthew Murray
 OTT",G,"$6,250,000"
"Ryan Ellis
 PHI",D,"$6,250,000"
"Joshua Morrissey
 WPG",D,"$6,250,000"
"Alexander Radulov
 DAL",RW,"$6,250,000"
"Connor Hellebuyck
 WPG",G,"$6,166,666"
"Mark Scheifele
 WPG",C,"$6,125,000"
"Brad Marchand
 BOS",LW,"$6,125,000"
"Jesperi Kotkaniemi
 CAR",C,"$6,100,035"
"Dylan Larkin
 DET",C,"$6,100,000"
"Jordan Staal
 CAR",C,"$6,000,000"
"Jordan Binnington
 STL",G,"$6,000,000"
"Filip Forsberg
 NSH",C,"$6,000,000"
"Johnny Boychuk
 BUF",D,"$6,000,000"
"Rasmus Dahlin
 BUF",D,"$6,000,000"
"Kyle Okposo
 BUF",RW,"$6,000,000"
"Nikolaj Ehlers
 WPG",LW,"$6,000,000"
"Erik Johnson
 COL",D,"$6,000,000"
"Jake Guentzel
 PIT",C,"$6,000,000"
"Brock Nelson
 NYI",C,"$6,000,000"
"Taylor Hall
 BOS",LW,"$6,000,000"
"Timo Meier
 SJS",LW,"$6,000,000"
"Loui Eriksson
 ARI",RW,"$6,000,000"
"Milan Lucic
 CGY",LW,"$6,000,000"
"Tyler Myers
 VAN",D,"$6,000,000"
"Jacob Markstrom
 CGY",G,"$6,000,000"
"Mats Zuccarello-Aasen
 MIN",RW,"$6,000,000"
"Mathew Dumba
 MIN",D,"$6,000,000"
"Jonas Brodin
 MIN",D,"$6,000,000"
"Nate Schmidt
 WPG",D,"$5,950,000"
"Phillip Grubauer
 SEA",G,"$5,900,000"
"William Karlsson
 VGK",C,"$5,900,000"
"Jonathan Huberdeau
 FLA",LW,"$5,900,000"
"Aleksander Barkov
 FLA",C,"$5,900,000"
"Cameron Atkinson
 PHI",RW,"$5,875,000"
"Neal Pionk
 WPG",D,"$5,875,000"
"Dustin Brown
 LAK",RW,"$5,875,000"
"Brock Boeser
 VAN",RW,"$5,875,000"
"Nick Schmaltz
 ARI",C,"$5,850,000"
"Adam Henrique
 ANA",C,"$5,825,000"
"Pavel Buchnevich
 STL",LW,"$5,800,000"
"Jonathan Quick
 LAK",G,"$5,800,000"
"Esa Lindell
 DAL",D,"$5,800,000"
"T.J. Oshie
 WAS",RW,"$5,750,000"
"Adam Pelech
 NYI",D,"$5,750,000"
"Anthony Mantha
 WAS",RW,"$5,700,000"
"Igor Shesterkin
 NYR",G,"$5,666,667"
"Jacob Muzzin
 TOR",D,"$5,625,000"
"Tomas Hertl
 SJS",C,"$5,625,000"
"Darnell Nurse
 EDM",D,"$5,600,000"
"Duncan Keith
 EDM",D,"$5,538,462"
"Jordan Eberle
 SEA",RW,"$5,500,000"
"Jaden Schwartz
 SEA",LW,"$5,500,000"
"Jonathan Drouin
 MTL",LW,"$5,500,000"
"Josh Anderson
 MTL",RW,"$5,500,000"
"Nick Leddy
 STL",D,"$5,500,000"
"Colton Parayko
 STL",D,"$5,500,000"
"Zach Hyman
 EDM",C,"$5,500,000"
"Travis Konecny
 PHI",C,"$5,500,000"
"Jason Zucker
 PIT",LW,"$5,500,000"
"Gustav Nyquist
 CBJ",RW,"$5,500,000"
"Phillip Danault
 LAK",C,"$5,500,000"
"Andrew Ladd
 ARI",LW,"$5,500,000"
"Bo Horvat
 VAN",C,"$5,500,000"
"Anton Stralman
 ARI",D,"$5,500,000"
"Teuvo Teravainen
 CAR",C,"$5,400,000"
"Seth Jones
 CHI",D,"$5,400,000"
"Rasmus Ristolainen
 PHI",D,"$5,400,000"
"Oliver Bjorkstrand
 CBJ",RW,"$5,400,000"
"Mika Zibanejad
 NYR",C,"$5,350,000"
"Mikael Backlund
 CGY",C,"$5,350,000"
"Max Domi
 CAR",LW,"$5,300,000"
"Jaccob Slavin
 CAR",D,"$5,300,000"
"Ondrej Palat
 TBL",LW,"$5,300,000"
"Patric Hornqvist
 FLA",RW,"$5,300,000"
"Bryan Little
 ARI",C,"$5,291,000"
"Jeff Carter
 PIT",C,"$5,272,727"
"Jakub Vrana
 DET",LW,"$5,250,000"
"Alec Martinez
 VGK",D,"$5,250,000"
"Brady Skjei
 CAR",D,"$5,250,000"
"Nino Niederreiter
 CAR",RW,"$5,250,000"
"Charlie Coyle
 BOS",C,"$5,250,000"
"J.T. Miller
 VAN",C,"$5,250,000"
"Jakob Silfverberg
 ANA",RW,"$5,250,000"
"Joel Eriksson Ek
 MIN",C,"$5,250,000"
"Hampus Lindholm
 BOS",D,"$5,205,556"
"Shea Theodore
 VGK",D,"$5,200,000"
"Yanni Gourde
 SEA",C,"$5,166,666"
"Thomas Wilson
 WAS",RW,"$5,166,666"
"Ryan Nugent-Hopkins
 EDM",C,"$5,125,000"
"Dmitry Orlov
 WAS",D,"$5,100,000"
"Kevin Fiala
 MIN",LW,"$5,100,000"
"Danny DeKeyser
 DET",D,"$5,000,000"
"Reilly Smith
 VGK",RW,"$5,000,000"
"Evgenii Dadonov
 VGK",LW,"$5,000,000"
"Robin Lehner
 VGK",G,"$5,000,000"
"Jonathan Marchessault
 VGK",C,"$5,000,000"
"Tyler Johnson
 CHI",C,"$5,000,000"
"Mikael Granlund
 NSH",C,"$5,000,000"
"Juuse Saros
 NSH",G,"$5,000,000"
"Pierre-Luc Dubois
 WPG",LW,"$5,000,000"
"Samuel Girard
 COL",D,"$5,000,000"
"Morgan Rielly
 TOR",D,"$5,000,000"
"T.J. Brodie
 TOR",D,"$5,000,000"
"Zachary Werenski
 CBJ",D,"$5,000,000"
"Ryan Pulock
 NYI",D,"$5,000,000"
"Jean-Gabriel Pageau
 NYI",C,"$5,000,000"
"Semyon Varlamov
 NYI",G,"$5,000,000"
"Josh Bailey
 NYI",LW,"$5,000,000"
"Kyle Palmieri
 NYI",RW,"$5,000,000"
"Linus Ullmark
 BOS",G,"$5,000,000"
"Thatcher Demko
 VAN",G,"$5,000,000"
"Alex Goligoski
 MIN",D,"$5,000,000"
"Drake Batherson
 OTT",C,"$4,975,000"
"Noah Hanifin
 CGY",D,"$4,950,000"
"Conor Garland
 VAN",RW,"$4,950,000"
"Ben Bishop
 DAL",G,"$4,916,667"
"Andre Burakovsky
 COL",LW,"$4,900,000"
"Charles Mcavoy
 BOS",D,"$4,900,000"
"Blake Coleman
 CGY",C,"$4,900,000"
"Michael Matheson
 PIT",D,"$4,875,000"
"Elias Lindholm
 CGY",C,"$4,850,000"
"Anthony Cirelli
 TBL",C,"$4,800,000"
"Mikhail Sergachev
 TBL",D,"$4,800,000"
"Tyler Bertuzzi
 DET",LW,"$4,750,000"
"Vincent Trocheck
 CAR",C,"$4,750,000"
"Colin White
 OTT",C,"$4,750,000"
"Alex Tuch
 BUF",RW,"$4,750,000"
"Kevin Labanc
 SJS",RW,"$4,725,000"
"Travis Sanheim
 PHI",D,"$4,675,000"
"Jamie Oleksiak
 SEA",D,"$4,600,000"
"Jakob Chychrun
 ARI",D,"$4,600,000"
"Calvin de Haan
 CHI",D,"$4,550,000"
"Rasmus Andersson
 CGY",D,"$4,550,000"
"Shayne Gostisbehere
 ARI",D,"$4,500,000"
"Ryan Strome
 NYR",C,"$4,500,000"
"Alexander Wennberg
 SEA",C,"$4,500,000"
"Frederik Andersen
 CAR",G,"$4,500,000"
"Mike Hoffman
 MTL",LW,"$4,500,000"
"Nikita Zaitsev
 OTT",D,"$4,500,000"
"Brandon Saad
 STL",LW,"$4,500,000"
"Tyson Barrie
 EDM",D,"$4,500,000"
"Mikko Koskinen
 EDM",G,"$4,500,000"
"Nazem Kadri
 COL",C,"$4,500,000"
"Darcy Kuemper
 COL",G,"$4,500,000"
"Tomas Tatar
 NJD",LW,"$4,500,000"
"Chris Tanev
 CGY",D,"$4,500,000"
"Christian Dvorak
 MTL",C,"$4,450,000"
"Alexander Killorn
 TBL",C,"$4,450,000"
"Sam Bennett
 FLA",C,"$4,425,000"
"Filip Hronek
 DET",D,"$4,400,000"
"John Marino
 PIT",D,"$4,400,000"
"Sean Couturier
 PHI",C,"$4,333,333"
"Viktor Arvidsson
 LAK",LW,"$4,250,000"
"John Klingberg
 DAL",D,"$4,250,000"
"Tyler Toffoli
 CGY",RW,"$4,250,000"
"Oscar Klefbom
 EDM",D,"$4,167,000"
"Damon Severson
 NJD",D,"$4,166,666"
"Anthony Beauvillier
 NYI",LW,"$4,150,000"
"Jonathan Bernier
 NJD",G,"$4,125,000"
"Josh Manson
 COL",D,"$4,100,000"
"Devon Toews
 COL",D,"$4,100,000"
"Brian Dumoulin
 PIT",D,"$4,100,000"
"Brandon Carlo
 BOS",D,"$4,100,000"
"Olli Maatta
 LAK",D,"$4,083,333"
"Jake Gardiner
 CAR",D,"$4,050,000"
"Marcus Pettersson
 PIT",D,"$4,025,175"
"Brett Pesce
 CAR",D,"$4,025,000"
"Vince Dunn
 SEA",D,"$4,000,000"
"Victor Rask
 SEA",C,"$4,000,000"
"Adam Larsson
 SEA",D,"$4,000,000"
"David Perron
 STL",LW,"$4,000,000"
"Jake McCabe
 CHI",D,"$4,000,000"
"Justin Schultz
 WAS",D,"$4,000,000"
"Elvis Merzlikins
 CBJ",G,"$4,000,000"
"Alex Iafallo
 LAK",C,"$4,000,000"
"Ilya Sorokin
 NYI",G,"$4,000,000"
"Carter Hart
 PHI",G,"$3,979,000"
"Joonas Donskoi
 SEA",RW,"$3,900,000"
"Andrew Shaw
 CHI",C,"$3,900,000"
"Brenden Dillon
 WPG",D,"$3,900,000"
"Kevin Shattenkirk
 ANA",D,"$3,900,000"
"Colin Miller
 BUF",D,"$3,875,000"
"Connor Murphy
 CHI",D,"$3,850,000"
"Petr Mrazek
 TOR",G,"$3,800,000"
"Nick Foligno
 BOS",LW,"$3,800,000"
"Rickard Rakell
 PIT",C,"$3,789,444"
"Mattias Ekholm
 NSH",D,"$3,750,000"
"Paul Stastny
 WPG",C,"$3,750,000"
"Boone Jenner
 CBJ",C,"$3,750,000"
"Nikita Zadorov
 CGY",D,"$3,750,000"
"Will Butcher
 BUF",D,"$3,733,333"
"Dominik Kubalik
 CHI",LW,"$3,700,000"
"Matthew Grzelcyk
 BOS",D,"$3,687,500"
"Jake DeBrusk
 BOS",LW,"$3,675,000"
"Cameron Talbot
 MIN",G,"$3,666,666"
"Ryan Suter
 DAL",D,"$3,650,000"
"Barclay Goodrow
 NYR",LW,"$3,641,666"
"Andrew Copp
 NYR",C,"$3,640,000"
"Thomas Greiss
 DET",G,"$3,600,000"
"Connor Brown
 OTT",RW,"$3,600,000"
"Brandon Tanev
 SEA",C,"$3,500,000"
"Chris Driedger
 SEA",G,"$3,500,000"
"David Savard
 MTL",D,"$3,500,000"
"Joel Edmundson
 MTL",D,"$3,500,000"
"Chris Tierney
 OTT",C,"$3,500,000"
"Lars Eller
 WAS",C,"$3,500,000"
"Ben Chiarot
 FLA",D,"$3,500,000"
"Brandon Montour
 FLA",D,"$3,500,000"
"J.T Compher
 COL",C,"$3,500,000"
"Tristan Jarry
 PIT",G,"$3,500,000"
"Bryan Rust
 PIT",RW,"$3,500,000"
"Alexander Kerfoot
 TOR",C,"$3,500,000"
"Alexander Edler
 LAK",D,"$3,500,000"
"Cal Clutterbuck
 NYI",RW,"$3,500,000"
"Micheal Ferland
 VAN",LW,"$3,500,000"
"Paul Byron
 MTL",C,"$3,400,000"
"Joel Armia
 MTL",RW,"$3,400,000"
"Andreas Johnsson
 NJD",LW,"$3,400,000"
"Marco Scandella
 STL",D,"$3,275,000"
"Pius Suter
 DET",C,"$3,250,000"
"Cody Ceci
 EDM",D,"$3,250,000"
"MacKenzie Weegar
 FLA",D,"$3,250,000"
"Adam Lowry
 WPG",LW,"$3,250,000"
"Radek Faksa
 DAL",C,"$3,250,000"
"Tanner Pearson
 VAN",LW,"$3,250,000"
"Dmitrij Jaskin
 ARI",RW,"$3,200,000"
"Zack Kassian
 EDM",RW,"$3,200,000"
"Kasperi Kapanen
 PIT",RW,"$3,200,000"
"Ryan Graves
 NJD",D,"$3,166,666"
"Matt Roy
 LAK",D,"$3,150,000"
"Roope Hintz
 DAL",LW,"$3,150,000"
"Craig Smith
 BOS",C,"$3,100,000"
"Marcus Foligno
 MIN",LW,"$3,100,000"
"Victor Olofsson
 BUF",RW,"$3,050,000"
"Ryan Getzlaf
 ANA",C,"$3,000,000"
"Mike Reilly
 BOS",D,"$3,000,000"
"Ryan Lindgren
 NYR",D,"$3,000,000"
"Jay Beagle
 ARI",RW,"$3,000,000"
"Antoine Roussel
 ARI",LW,"$3,000,000"
"Alex Nedeljkovic
 DET",G,"$3,000,000"
"Travis Hamonic
 OTT",D,"$3,000,000"
"Dylan Strome
 CHI",C,"$3,000,000"
"Scott Laughton
 PHI",C,"$3,000,000"
"Oskar Lindblom
 PHI",LW,"$3,000,000"
"Anthony Duclair
 FLA",LW,"$3,000,000"
"Dylan Demelo
 WPG",D,"$3,000,000"
"Derek Forbort
 BOS",D,"$3,000,000"
"Robby Fabbri
 DET",C,"$2,950,000"
"Erik Cernak
 TBL",D,"$2,950,000"
"Jared McCann
 SEA",LW,"$2,940,000"
"Ian Cole
 CAR",D,"$2,900,000"
"Jake Allen
 MTL",G,"$2,875,000"
"Colton Sissons
 NSH",C,"$2,857,412"
"Jordan Kyrou
 STL",C,"$2,800,000"
"Robert Thomas
 STL",C,"$2,800,000"
"MacKenzie Blackwood
 NJD",G,"$2,800,000"
"Joonas Korpisalo
 CBJ",G,"$2,800,000"
"Vladislav Gavrikov
 CBJ",D,"$2,800,000"
"Carson Soucy
 SEA",D,"$2,750,000"
"Oskar Sundqvist
 DET",C,"$2,750,000"
"Chandler Stephenson
 VGK",C,"$2,750,000"
"Carl Hagelin
 WAS",LW,"$2,750,000"
"Warren Foegele
 EDM",LW,"$2,750,000"
"Miles Wood
 NJD",LW,"$2,750,000"
"Jesper Bratt
 NJD",LW,"$2,750,000"
"Brock McGinn
 PIT",LW,"$2,750,000"
"Markus Nutivaara
 FLA",D,"$2,700,000"
"Andreas Athanasiou
 LAK",C,"$2,700,000"
"Gustav Forsling
 FLA",D,"$2,666,667"
"Sean Walker
 LAK",D,"$2,650,000"
"Jason Dickinson
 VAN",C,"$2,650,000"
"Denis Gurianov
 DAL",RW,"$2,550,000"
"Frank Vatrano
 NYR",LW,"$2,533,333"
"Patrik Nemeth
 NYR",D,"$2,500,000"
"Nicholas Ritchie
 ARI",LW,"$2,500,000"
"Brayden McNabb
 VGK",D,"$2,500,000"
"Artem Zub
 OTT",D,"$2,500,000"
"Michal Kempny
 WAS",D,"$2,500,000"
"Nick Jensen
 WAS",D,"$2,500,000"
"Radko Gudas
 FLA",D,"$2,500,000"
"Valeri Nichushkin
 COL",RW,"$2,500,000"
"Henri Jokiharju
 BUF",D,"$2,500,000"
"Casey Mittelstadt
 BUF",C,"$2,500,000"
"Sean Kuraly
 CBJ",C,"$2,500,000"
"Casey Cizikas
 NYI",C,"$2,500,000"
"Tucker Poolman
 VAN",D,"$2,500,000"
"Alexander Georgiev
 NYR",G,"$2,425,000"
"Andrew Mangiapane
 CGY",LW,"$2,425,000"
"Dante Fabbro
 NSH",D,"$2,400,000"
"Erik Haula
 BOS",C,"$2,375,000"
"Jake Bean
 CBJ",D,"$2,333,333"
"Laurent Brossoit
 VGK",G,"$2,325,000"
"Filip Chytil
 NYR",LW,"$2,300,000"
"Luke Kunin
 NSH",C,"$2,300,000"
"Artturi Lehkonen
 COL",LW,"$2,300,000"
"Dillon Dube
 CGY",C,"$2,300,000"
"Dmitry Kulikov
 MIN",D,"$2,250,000"
"Ivan Barbashev
 STL",C,"$2,250,000"
"Cody Eakin
 BUF",C,"$2,250,000"
"Pavel Zacha
 NJD",C,"$2,250,000"
"Radim Simek
 SJS",D,"$2,250,000"
"James Reimer
 SJS",G,"$2,250,000"
"Mike Smith
 EDM",G,"$2,200,000"
"Zemgus Girgensons
 BUF",C,"$2,200,000"
"Theodor Blueger
 PIT",C,"$2,200,000"
"Adin Hill
 SJS",G,"$2,175,000"
"Evander Kane
 EDM",LW,"$2,108,696"
"Jordan Greenway
 MIN",LW,"$2,100,000"
"Adam Erne
 DET",LW,"$2,100,000"
"Nick Bonino
 SJS",C,"$2,050,000"
"Maxime Comtois
 ANA",LW,"$2,037,500"
"Tyson Jost
 MIN",C,"$2,000,000"
"Ethan Bear
 CAR",D,"$2,000,000"
"Marc Staal
 DET",D,"$2,000,000"
"Mattias Janmark
 VGK",C,"$2,000,000"
"Jesper Fast
 CAR",RW,"$2,000,000"
"Antti Raanta
 CAR",G,"$2,000,000"
"Michael Del Zotto
 OTT",D,"$2,000,000"
"Ilya Samsonov
 WAS",G,"$2,000,000"
"Mark Borowiecki
 NSH",D,"$2,000,000"
"Martin Jones
 PHI",G,"$2,000,000"
"Zach Sanford
 WPG",LW,"$2,000,000"
"Ryan Murray
 COL",D,"$2,000,000"
"Pavel Francouz
 COL",G,"$2,000,000"
"Yegor Sharangovich
 NJD",C,"$2,000,000"
"Justin Holl
 TOR",D,"$2,000,000"
"Adrian Kempe
 LAK",LW,"$2,000,000"
"Vladislav Namestnikov
 DAL",C,"$2,000,000"
"Braden Holtby
 DAL",G,"$2,000,000"
"Calle Jarnkrok
 CGY",C,"$2,000,000"
"Erik Gudbranson
 CGY",D,"$1,950,000"
"Trevor Moore
 LAK",LW,"$1,875,000"
"Brett Kulak
 EDM",D,"$1,850,000"
"Jack Roslovic
 CBJ",C,"$1,838,362"
"Janne Kuokkanen
 NJD",C,"$1,825,000"
"Justin Braun
 NYR",D,"$1,800,000"
"Jordan Martinook
 CAR",LW,"$1,800,000"
"Tomas Nosek
 BOS",LW,"$1,750,000"
"Ryan Reaves
 NYR",RW,"$1,750,000"
"Tyler Pitlick
 MTL",RW,"$1,750,000"
"Zach Aston-Reese
 ANA",C,"$1,725,000"
"Ryan Hartman
 MIN",RW,"$1,700,000"
"Sonny Milano
 ANA",LW,"$1,700,000"
"Nick Holden
 OTT",D,"$1,700,000"
"Troy Stecher
 LAK",D,"$1,700,000"
"Nick Blankenburg
 CBJ",D,"$1,688,452"
"Noel Acciari
 FLA",C,"$1,666,666"
"Kyle Turris
 EDM",C,"$1,650,000"
"Jack Campbell
 TOR",G,"$1,650,000"
"Dean Kukan
 CBJ",D,"$1,650,000"
"Ilya Mikheyev
 TOR",LW,"$1,645,000"
"Robert Hagg
 FLA",D,"$1,600,000"
"Anders Bjork
 BUF",LW,"$1,600,000"
"Brendan Lemieux
 LAK",LW,"$1,550,000"
"Rudolfs Balcers
 SJS",LW,"$1,550,000"
"Lawson Crouse
 ARI",LW,"$1,533,333"
"Alexandre Texier
 CBJ",C,"$1,525,000"
"Samuel Blais
 NYR",LW,"$1,500,000"
"Derek Grant
 ANA",LW,"$1,500,000"
"Austin Watson
 OTT",LW,"$1,500,000"
"Garnet Hathaway
 WAS",RW,"$1,500,000"
"Marcus Johansson
 WAS",C,"$1,500,000"
"Conor Sheary
 WAS",LW,"$1,500,000"
"Josh Archibald
 EDM",RW,"$1,500,000"
"Nick Cousins
 NSH",C,"$1,500,000"
"Brandon Hagel
 TBL",LW,"$1,500,000"
"David Kampf
 TOR",C,"$1,500,000"
"Matt Martin
 NYI",LW,"$1,500,000"
"Jaroslav Halak
 VAN",G,"$1,500,000"
"Luke Glendening
 DAL",C,"$1,500,000"
"Travis Dermott
 VAN",D,"$1,500,000"
"Andrej Sekera
 DAL",D,"$1,500,000"
"Jani Hakanpaa
 DAL",D,"$1,500,000"
"Michael Rasmussen
 DET",C,"$1,460,000"
"Troy Terry
 ANA",RW,"$1,450,000"
"Eeli Tolvanen
 NSH",RW,"$1,450,000"
"Scott Mayfield
 NYI",D,"$1,450,000"
"William Carrier
 VGK",LW,"$1,400,000"
"Johan Larsson
 WAS",LW,"$1,400,000"
"Tage Thompson
 BUF",C,"$1,400,000"
"Robert Bortuzzo
 STL",D,"$1,375,000"
"Chris Wagner
 BOS",C,"$1,350,000"
"Jordan Oesterle
 DET",D,"$1,350,000"
"Derek Stepan
 CAR",C,"$1,350,000"
"Riley Stillman
 CHI",D,"$1,350,000"
"Nicholas Paul
 TBL",C,"$1,350,000"
"Ilya Lyubushkin
 TOR",D,"$1,350,000"
"Haydn Fleury
 SEA",D,"$1,300,000"
"Jan Rutta
 TBL",D,"$1,300,000"
"Max Jones
 ANA",LW,"$1,295,000"
"Kris Russell
 EDM",D,"$1,250,000"
"Derek Ryan
 EDM",C,"$1,250,000"
"David Rittich
 NSH",G,"$1,250,000"
"Casey DeSmith
 PIT",G,"$1,250,000"
"Nathan Beaulieu
 PIT",D,"$1,250,000"
"Pierre Engvall
 TOR",LW,"$1,250,000"
"Ondrej Kase
 TOR",RW,"$1,250,000"
"Tyler Motte
 NYR",C,"$1,225,000"
"Frederick Gaudreau
 MIN",C,"$1,200,000"
"Joshua Brown
 BOS",D,"$1,200,000"
"Nolan Patrick
 VGK",C,"$1,200,000"
"Victor Mete
 OTT",D,"$1,200,000"
"Jesse Puljujarvi
 EDM",RW,"$1,175,000"
"Kailer Yamamoto
 EDM",C,"$1,175,000"
"Ross Colton
 TBL",C,"$1,125,000"
"Jonas Siegenthaler
 NJD",D,"$1,125,000"
"Brandon Sutter
 VAN",C,"$1,125,000"
"Dylan Gambrell
 OTT",C,"$1,100,000"
"Danton Heinen
 PIT",C,"$1,100,000"
"Michael Raffl
 DAL",LW,"$1,100,000"
"Nicolas Aube-Kubel
 COL",RW,"$1,075,000"
"Joel Kiviranta
 DAL",LW,"$1,050,000"
"Trent Frederic
 BOS",C,"$1,050,000"
"Vincent Hinostroza
 BUF",C,"$1,050,000"
"Ryan Carpenter
 CGY",C,"$1,000,000"
"Nicolas Deslauriers
 MIN",LW,"$1,000,000"
"Connor Clifton
 BOS",D,"$1,000,000"
"Kodie Curran
 BOS",D,"$1,000,000"
"Christian Fischer
 ARI",C,"$1,000,000"
"Anthony DeAngelo
 CAR",D,"$1,000,000"
"Henrik Borgstrom
 CHI",C,"$1,000,000"
"Matthew Benning
 NSH",D,"$1,000,000"
"Corey Perry
 TBL",RW,"$1,000,000"
"Pierre-Edouard Bellemare
 TBL",LW,"$1,000,000"
"Andrew Cogliano
 COL",LW,"$1,000,000"
"Carter Verhaeghe
 FLA",C,"$1,000,000"
"Darren Helm
 COL",C,"$1,000,000"
"Evan Rodrigues
 PIT",LW,"$1,000,000"
"Kyle Clifford
 TOR",C,"$1,000,000"
"Ross Johnston
 NYI",LW,"$1,000,000"
"Alexander Barabanov
 SJS",RW,"$1,000,000"
"Adam Gaudette
 OTT",C,"$997,500"
"Jujhar Khaira
 CHI",LW,"$975,000"
"Maxim Mamin
 FLA",C,"$975,000"
"Michael Mcleod
 NJD",C,"$975,000"
"Eric Robinson
 CBJ",LW,"$975,000"
"Anthony Stolarz
 ANA",G,"$950,000"
"Mathieu Perreault
 MTL",C,"$950,000"
"Trevor Van Riemsdyk
 WAS",D,"$950,000"
"Michael Bunting
 TOR",LW,"$950,000"
"Jake Oettinger
 DAL",G,"$925,000"
"Adam Fox
 NYR",D,"$925,000"
"Kaapo Kakko
 NYR",RW,"$925,000"
"Alexis Lafrenière
 NYR",LW,"$925,000"
"K'Andre Miller
 NYR",D,"$925,000"
"Braden Schneider
 NYR",D,"$925,000"
"Jack Ahcan
 BOS",D,"$925,000"
"Jeremy Swayman
 BOS",G,"$925,000"
"Lucas Raymond
 DET",RW,"$925,000"
"Jamie Drysdale
 ANA",D,"$925,000"
"Justin Barron
 MTL",D,"$925,000"
"Trevor Zegras
 ANA",C,"$925,000"
"Josh Norris
 OTT",C,"$925,000"
"Shane Pinto
 OTT",C,"$925,000"
"Jake Sanderson
 OTT",D,"$925,000"
"Tim Stützle
 OTT",C,"$925,000"
"Scott Perunovich
 STL",D,"$925,000"
"Kirby Dach
 CHI",C,"$925,000"
"Bobby Brink
 PHI",RW,"$925,000"
"Joel Farabee
 PHI",LW,"$925,000"
"Morgan Barron
 WPG",C,"$925,000"
"Dylan Samberg
 WPG",D,"$925,000"
"Aleksi Heponiemi
 FLA",C,"$925,000"
"Spencer Knight
 FLA",G,"$925,000"
"Anton Lundell
 FLA",C,"$925,000"
"Jesper Boqvist
 NJD",C,"$925,000"
"Alexander Holtz
 NJD",RW,"$925,000"
"Jack Hughes
 NJD",C,"$925,000"
"Reilly Walsh
 NJD",D,"$925,000"
"Mattias Samuelsson
 BUF",D,"$925,000"
"Michael Anderson
 LAK",D,"$925,000"
"Emil Bemstrom
 CBJ",C,"$925,000"
"Yegor Chinakhov
 CBJ",RW,"$925,000"
"Kent Johnson
 CBJ",C,"$925,000"
"Cole Sillinger
 CBJ",C,"$925,000"
"Daniil Tarasov
 CBJ",G,"$925,000"
"Mario Ferraro
 SJS",D,"$925,000"
"John Leonard
 SJS",C,"$925,000"
"Vasily Podkolzin
 VAN",RW,"$925,000"
"Rem Pitlick
 MTL",C,"$917,831"
"Alex Vlasic
 CHI",D,"$916,667"
"Owen Power
 BUF",D,"$916,667"
"Thomas Bordeleau
 SJS",C,"$916,667"
"Connor Mackey
 CGY",D,"$912,500"
"Ben Meyers
 COL",LW,"$912,500"
"Alex Newhook
 COL",C,"$908,333"
"Brett Ritchie
 CGY",RW,"$900,000"
"Jordie Benn
 MIN",D,"$900,000"
"Nick Bjugstad
 MIN",C,"$900,000"
"William Borgen
 SEA",D,"$900,000"
"Tyler Ennis
 OTT",C,"$900,000"
"Anton Forsberg
 OTT",G,"$900,000"
"MacKenzie MacEachern
 STL",LW,"$900,000"
"Keith Yandle
 PHI",D,"$900,000"
"Patrick Maroon
 TBL",LW,"$900,000"
"Brian Elliott
 TBL",G,"$900,000"
"Mason Appleton
 WPG",C,"$900,000"
"Logan Stanley
 WPG",D,"$900,000"
"Mark Pysyk
 BUF",D,"$900,000"
"Wayne Simmonds
 TOR",RW,"$900,000"
"Matthew Beniers
 SEA",C,"$897,500"
"Eetu Luostarinen
 FLA",C,"$897,500"
"Joe Veleno
 DET",C,"$894,167"
"Seth Jarvis
 CAR",RW,"$894,167"
"Filip Zadina
 DET",RW,"$894,167"
"Barrett Hayton
 ARI",C,"$894,167"
"Alexander Romanov
 MTL",D,"$894,167"
"Urho Vaakanainen
 ANA",D,"$894,167"
"Cole Perfetti
 WPG",C,"$894,167"
"Bowen Byram
 COL",D,"$894,167"
"Dawson Mercer
 NJD",RW,"$894,167"
"Dylan Cozens
 BUF",C,"$894,167"
"Rasmus Sandin
 TOR",D,"$894,167"
"Tobias Bjornfot
 LAK",D,"$894,167"
"Quinton Byfield
 LAK",C,"$894,167"
"Arthur Kaliyev
 LAK",RW,"$894,167"
"Gabe Vilardi
 LAK",C,"$894,167"
"Adam Boqvist
 CBJ",D,"$894,167"
"Oliver Wahlstrom
 NYI",RW,"$894,167"
"Noah Dobson
 NYI",D,"$894,167"
"Nils Hoglander
 VAN",LW,"$891,667"
"Jacob Bryson
 BUF",D,"$889,166"
"Janis Moser
 ARI",D,"$886,667"
"Brett Howden
 VGK",C,"$885,000"
"Marc McLaughlin
 BOS",C,"$883,750"
"Jack McBain
 ARI",C,"$883,750"
"Nathan Smith
 ARI",C,"$883,750"
"Matthew Boldy
 MIN",LW,"$880,833"
"Cole Caufield
 MTL",RW,"$880,833"
"Cameron York
 PHI",D,"$880,833"
"Justus Annunen
 COL",G,"$880,833"
"Kurtis Macdermid
 COL",D,"$875,000"
"Libor Hajek
 NYR",D,"$874,125"
"Kole Lind
 SEA",RW,"$874,125"
"Isac Lundestrom
 ANA",C,"$874,125"
"Sam Steel
 ANA",C,"$874,125"
"Lias Andersson
 LAK",C,"$874,125"
"Thomas Harley
 DAL",D,"$863,333"
"Moritz Seider
 DET",D,"$863,333"
"Martin Necas
 CAR",C,"$863,333"
"Nick Suzuki
 MTL",C,"$863,333"
"Victor Soderstrom
 ARI",D,"$863,333"
"Erik Brannstrom
 OTT",D,"$863,333"
"Connor McMichael
 WAS",C,"$863,333"
"Evan Bouchard
 EDM",D,"$863,333"
"Philip Tomasino
 NSH",C,"$863,333"
"Morgan Frost
 PHI",C,"$863,333"
"Owen Tippett
 PHI",RW,"$863,333"
"Nolan Foote
 NJD",LW,"$863,333"
"Ty Smith
 NJD",D,"$863,333"
"Peyton Krebs
 BUF",C,"$863,333"
"Timothy Liljegren
 TOR",D,"$863,333"
"Rasmus Kupari
 LAK",C,"$863,333"
"Ryan Merkley
 SJS",D,"$863,333"
"Matt Kiersted
 FLA",D,"$858,750"
"Cal Petersen
 LAK",G,"$858,333"
"Cole Schwindt
 FLA",RW,"$855,833"
"Santeri Hatakka
 SJS",D,"$850,833"
"Luke Schenn
 VAN",D,"$850,000"
"Jon Merrill
 MIN",D,"$850,000"
"Riley Sheahan
 SEA",LW,"$850,000"
"Sam Gagner
 DET",C,"$850,000"
"Gustav Lindstrom
 DET",D,"$850,000"
"Conor Timmins
 ARI",D,"$850,000"
"Devin Shore
 EDM",C,"$850,000"
"Caleb Jones
 CHI",D,"$850,000"
"Jeremy Lauzon
 NSH",D,"$850,000"
"Zach Bogosian
 TBL",D,"$850,000"
"Cal Foote
 TBL",D,"$850,000"
"Malcolm Subban
 BUF",G,"$850,000"
"Nicholas Abruzzese
 TOR",C,"$850,000"
"Matt Nieto
 SJS",LW,"$850,000"
"William Lockwood
 VAN",RW,"$842,500"
"Jacob Peterson
 DAL",C,"$842,500"
"Jesper Froden
 BOS",RW,"$842,500"
"Pyotr Kochetkov
 CAR",G,"$842,500"
"Jordan Harris
 MTL",D,"$842,500"
"Karel Vejmelka
 ARI",G,"$842,500"
"Philipp Kurashev
 CHI",C,"$842,500"
"Robin Salo
 NYI",D,"$842,500"
"Scott Reedy
 SJS",C,"$842,500"
"Jasper Weatherby
 SJS",C,"$842,500"
"Angus Crookshank
 OTT",LW,"$838,333"
"Jack Matier
 NSH",D,"$838,333"
"Kevin Mandolese
 OTT",G,"$835,000"
"Ryan McLeod
 EDM",C,"$834,167"
"Viktor Lodin
 OTT",C,"$830,000"
"Connor Dewar
 MIN",C,"$825,833"
"Scott Wedgewood
 DAL",G,"$825,000"
"Carter Rowney
 DET",C,"$825,000"
"Derick Brassard
 EDM",C,"$825,000"
"Kevin Connauton
 PHI",D,"$825,000"
"Zack MacEwen
 PHI",C,"$825,000"
"Nathan Bastian
 NJD",RW,"$825,000"
"Rasmus Asplund
 BUF",C,"$825,000"
"Mark Kastelic
 OTT",C,"$821,667"
"Carson Meyer
 CBJ",RW,"$820,000"
"Jordan Spence
 LAK",D,"$820,000"
"Linus Hogberg
 PHI",D,"$815,000"
"Mackenzie Entwistle
 CHI",RW,"$811,667"
"Oskar Steen
 BOS",C,"$809,167"
"Fabian Zetterlund
 NJD",LW,"$809,167"
"Simon Benoit
 ANA",D,"$809,166"
"Sean Durzi
 LAK",D,"$809,166"
"Adam Ruzicka
 CGY",C,"$801,666"
"Brad Hunt
 VAN",D,"$800,000"
"Spencer Martin
 VAN",G,"$800,000"
"Brad Richardson
 VAN",RW,"$800,000"
"Ty Lewis
 CGY",LW,"$800,000"
"Trevor Lewis
 CGY",C,"$800,000"
"Curtis Lazar
 BOS",C,"$800,000"
"Logan Thompson
 VGK",G,"$800,000"
"Magnus Hellberg
 DET",G,"$800,000"
"Brendan Smith
 CAR",D,"$800,000"
"Calvin Pickard
 DET",G,"$800,000"
"Kevin Lankinen
 CHI",G,"$800,000"
"Gerald Mayhew
 ANA",C,"$800,000"
"Erik Gustafsson
 CHI",D,"$800,000"
"Ben Harpur
 NSH",D,"$800,000"
"Tanner Jeannot
 NSH",LW,"$800,000"
"Nate Thompson
 PHI",C,"$800,000"
"Mason Marchment
 FLA",LW,"$800,000"
"Jimmy Vesey
 NJD",LW,"$800,000"
"Blake Lizotte
 LAK",C,"$800,000"
"Nikolai Knyzhov
 SJS",D,"$796,667"
"Fredrik Karlstrom
 DAL",C,"$795,000"
"Jason Robertson
 DAL",LW,"$795,000"
"Kevin Bahl
 NJD",D,"$795,000"
"Nicolas Hague
 VGK",D,"$791,667"
"Martin Fehervary
 WAS",D,"$791,667"
"Vladislav Kolyachonok
 ARI",D,"$789,167"
"Nikita Okhotyuk
 NJD",D,"$789,167"
"Niko Mikkola
 STL",D,"$787,500"
"Andrew Peeke
 CBJ",D,"$787,500"
"Arturs Silovs
 VAN",G,"$786,111"
"Jonah Gadjovich
 SJS",LW,"$783,333"
"Alexander Chmelevski
 SJS",C,"$778,333"
"Julien Gauthier
 NYR",RW,"$775,000"
"Alexei Toropchenko
 STL",RW,"$775,000"
"Kyle Capobianco
 ARI",D,"$775,000"
"Tyler Parsons
 CGY",G,"$771,750"
"Austin Strand
 LAK",D,"$771,750"
"Jack Studnicka
 BOS",C,"$769,167"
"Brady Keeper
 VAN",D,"$762,500"
"Dryden Hunt
 NYR",LW,"$762,500"
"Dylan Coghlan
 VGK",D,"$762,500"
"Kale Clague
 MTL",D,"$761,250"
"Boris Katchouk
 CHI",LW,"$758,333"
"Taylor Raddysh
 CHI",RW,"$758,333"
"Yegor Zamula
 PHI",D,"$756,667"
"Jonathan Dahlen
 SJS",C,"$750,000"
"Noah Gregor
 SJS",C,"$750,000"
"Jaycob Megna
 SJS",D,"$750,000"
"Nicholas Meloche
 SJS",D,"$750,000"
"Lane Pederson
 SJS",C,"$750,000"
"Jeffrey Truchon-Viel
 SJS",LW,"$750,000"
"Kyle Burroughs
 VAN",D,"$750,000"
"Alex Chiasson
 VAN",RW,"$750,000"
"Sheldon Dries
 VAN",C,"$750,000"
"Juho Lammikko
 VAN",RW,"$750,000"
"Nicolas Petan
 VAN",C,"$750,000"
"Oliver Kylington
 CGY",D,"$750,000"
"Joel Hanley
 DAL",D,"$750,000"
"Michael Stone
 CGY",D,"$750,000"
"Daniel Vladar
 CGY",G,"$750,000"
"Brandon Duhaime
 MIN",RW,"$750,000"
"Marian Studenic
 DAL",RW,"$750,000"
"Kevin Rooney
 NYR",C,"$750,000"
"Jonny Brodzinski
 NYR",C,"$750,000"
"Greg McKegg
 NYR",C,"$750,000"
"Ryan Donato
 SEA",C,"$750,000"
"Morgan Geekie
 SEA",C,"$750,000"
"Derrick Pouliot
 SEA",D,"$750,000"
"Michael Amadio
 VGK",C,"$750,000"
"Anton Blidh
 BOS",LW,"$750,000"
"Kyle Criscuolo
 DET",C,"$750,000"
"Turner Elson
 DET",LW,"$750,000"
"Ben Hutton
 VGK",D,"$750,000"
"Olli Juolevi
 DET",D,"$750,000"
"Nicolas Roy
 VGK",C,"$750,000"
"Givani Smith
 DET",RW,"$750,000"
"Jake Evans
 MTL",C,"$750,000"
"Laurent Dauphin
 MTL",C,"$750,000"
"Samuel Montembeault
 MTL",G,"$750,000"
"Michael Pezzetta
 MTL",C,"$750,000"
"Ryan Poehling
 MTL",C,"$750,000"
"Chris Wideman
 MTL",D,"$750,000"
"Tyler Bozak
 STL",C,"$750,000"
"Logan Brown
 STL",C,"$750,000"
"Ville Husso
 STL",G,"$750,000"
"Calle Rosen
 STL",D,"$750,000"
"Nathan Walker
 STL",LW,"$750,000"
"Nic Dowd
 WAS",C,"$750,000"
"Matt Irwin
 WAS",D,"$750,000"
"Axel Jonsson-Fjallby
 WAS",LW,"$750,000"
"Joe Snively
 WAS",LW,"$750,000"
"Sam Lafferty
 CHI",C,"$750,000"
"Travis Boyd
 ARI",LW,"$750,000"
"Michael Carcone
 ARI",RW,"$750,000"
"Cam Dineen
 ARI",D,"$750,000"
"Jeremy Davies
 NSH",D,"$750,000"
"Matt Luff
 NSH",RW,"$750,000"
"Michael McCarron
 NSH",RW,"$750,000"
"Mathieu Olivier
 NSH",RW,"$750,000"
"Alex Galchenyuk
 ARI",C,"$750,000"
"Bokondji Imama
 ARI",LW,"$750,000"
"Sam Carrick
 ANA",C,"$750,000"
"Patrick Brown
 PHI",LW,"$750,000"
"Trevor Carrick
 ANA",D,"$750,000"
"Samuel Morin
 PHI",D,"$750,000"
"Vinni Lettieri
 ANA",C,"$750,000"
"Dysin Mayo
 ARI",D,"$750,000"
"Felix Sandstrom
 PHI",G,"$750,000"
"Nick Seeler
 PHI",D,"$750,000"
"Joshua Mahura
 ANA",D,"$750,000"
"Liam O'Brien
 ARI",C,"$750,000"
"Eric Comrie
 WPG",G,"$750,000"
"Harri Sateri
 ARI",G,"$750,000"
"Evgeny Svechnikov
 WPG",LW,"$750,000"
"Dominic Toninato
 WPG",C,"$750,000"
"Lucas Carlsson
 FLA",D,"$750,000"
"Jack Johnson
 COL",D,"$750,000"
"Jonas Johansson
 FLA",G,"$750,000"
"Joe Thornton
 FLA",C,"$750,000"
"Dominik Simon
 ANA",C,"$750,000"
"Andrej Sustr
 ANA",D,"$750,000"
"Jon Gillies
 NJD",G,"$750,000"
"Andrew Hammond
 NJD",G,"$750,000"
"Colton White
 NJD",D,"$750,000"
"Brian Boyle
 PIT",C,"$750,000"
"Louis Domingue
 PIT",G,"$750,000"
"Chad Ruhwedel
 PIT",D,"$750,000"
"Joseph Anderson
 TOR",RW,"$750,000"
"Andrew Oglevie
 BUF",C,"$750,000"
"Craig Anderson
 BUF",G,"$750,000"
"Drake Caggiula
 BUF",C,"$750,000"
"Erik Källgren
 TOR",G,"$750,000"
"Jason Spezza
 TOR",C,"$750,000"
"John Hayden
 BUF",C,"$750,000"
"Michael Houser
 BUF",G,"$750,000"
"Nathan Gerbe
 CBJ",LW,"$750,000"
"Gavin Bayreuther
 CBJ",D,"$750,000"
"Justin Danforth
 CBJ",RW,"$750,000"
"Brendan Gaunce
 CBJ",C,"$750,000"
"Jacob Moverare
 LAK",D,"$750,000"
"Kieffer Bellows
 NYI",LW,"$750,000"
"Zdeno Chara
 NYI",D,"$750,000"
"Andy Greene
 NYI",D,"$750,000"
"Otto Koivula
 NYI",LW,"$750,000"
"Zach Parise
 NYI",LW,"$750,000"
"Alex Formenton
 OTT",LW,"$747,500"
"Mitchell Stephens
 DET",C,"$737,500"
"Mathieu Joseph
 OTT",RW,"$737,500"
"Alex Carrier
 NSH",D,"$733,333"
"Connor Ingram
 NSH",G,"$733,333"
"Parker Kelly
 OTT",C,"$726,667"
"Kaapo Kahkonen
 SJS",G,"$725,000"
"Madison Bowey
 VAN",D,"$725,000"
"Matthew Highmore
 VAN",C,"$725,000"
"Jacob Middleton
 MIN",D,"$725,000"
"Karson Kuhlman
 SEA",RW,"$725,000"
"Daniel Sprong
 SEA",RW,"$725,000"
"Keegan Kolesar
 VGK",RW,"$725,000"
"Zach Whitecloud
 VGK",D,"$725,000"
"Jake Walman
 DET",D,"$725,000"
"Steven Lorentz
 CAR",C,"$725,000"
"William Lagesson
 MTL",D,"$725,000"
"Jakub Zboril
 BOS",D,"$725,000"
"Yakov Trenin
 NSH",C,"$725,000"
"Adam Brooks
 WPG",C,"$725,000"
"Jansen Harkins
 WPG",C,"$725,000"
"Jacob MacDonald
 COL",D,"$725,000"
"Ryan Lomberg
 FLA",LW,"$725,000"
"Logan O'Connor
 COL",C,"$725,000"
"Nico Sturm
 COL",C,"$725,000"
"Mason Geertsen
 NJD",D,"$725,000"
"Mark Friedman
 PIT",D,"$725,000"
"Colin Blackwell
 TOR",C,"$725,000"
"Dustin Tokarski
 BUF",G,"$725,000"
"Gabriel Carlsson
 CBJ",D,"$725,000"
"Carl Grundstrom
 LAK",RW,"$725,000"
"Sebastian Aho
 NYI",D,"$725,000"
"Jake Bischoff
 VGK",D,"$716,667"
"Vitek Vanecek
 WAS",G,"$716,667"